<?xml version="1.0" encoding="UTF-8"?>
<project-private xmlns="http://www.netbeans.org/ns/project-private/1">
    <editor-bookmarks xmlns="http://www.netbeans.org/ns/editor-bookmarks/2" lastBookmarkId="0"/>
    <open-files xmlns="http://www.netbeans.org/ns/projectui-open-files/2">
        <group>
            <file>file:/C:/Users/MD/Documents/NetBeansProjects/MovieGui/src/moviegui/MovieGui.java</file>
            <file>file:/C:/Users/MD/Documents/NetBeansProjects/MovieGui/src/moviegui/Cancel_tickets.java</file>
            <file>file:/C:/Users/MD/Documents/NetBeansProjects/MovieGui/src/moviegui/Payment.java</file>
            <file>file:/C:/Users/MD/Documents/NetBeansProjects/MovieGui/src/moviegui/MainGUI.java</file>
            <file>file:/C:/Users/MD/Documents/NetBeansProjects/MovieGui/src/moviegui/Recipt.java</file>
            <file>file:/C:/Users/MD/Documents/NetBeansProjects/MovieGui/src/moviegui/MovieObject.java</file>
            <file>file:/C:/Users/MD/Documents/NetBeansProjects/MovieGui/src/moviegui/Seats.java</file>
            <file>file:/C:/Users/MD/Documents/NetBeansProjects/MovieGui/src/moviegui/giphy.gif</file>
        </group>
    </open-files>
</project-private>
